<?xml version="1.0" encoding="utf-8"?>
<odoo>
    <data>
        <report
                id="proforma_guest_report_menu"
                model="hotel.folio"
                string="Guest Proforma Report"
                report_type="qweb-pdf"
                name="hotel_extended.guest_proforma_note_template"
                file="hotel_extended.guest_proforma_note_template"
                print_report_name='"Proforma Report"'
                menu="True"
        />
        <template id="guest_proforma_note_template">
            <t t-call="web.html_container">
                <t t-foreach="docs" t-as="rec">
                    <t t-call="web.external_layout">
                        <t t-foreach="docs" t-as="o">
                            <div class="page" align="center">
                                <style>
                                    .thead-light{
                                    font-size: 14px !important;
                                    }
                                </style>
                                <tr>
                                    <h4>
                                        <strong>
                                            <u>GUEST PROFORMA REPORT</u>
                                        </strong>
                                    </h4>
                                </tr>
                            </div>
                            <table class="table table-sm table-bordered">
                                <tr>
                                    <td colspan="4" class="padding_all tbottom ttop text-left">
                                        <h4>
                                            <strong>Guest Name</strong>
                                            <span>&amp;nbsp;&amp;nbsp;</span>
                                            <span t-field="o.partner_id"/>
                                        </h4>
                                        <br/>
                                        <span t-field="o.partner_id.street"/>
                                        <span t-field="o.partner_id.street2"/>,
                                        <br/>
                                        <span t-field="o.partner_id.city"/>,
                                        <span t-field="o.partner_id.state_id"/>,
                                        <span t-field="o.partner_id.country_id"/>,
                                        <br/>
                                        <span t-field="o.partner_id.phone"/>,

                                    </td>
                                    <td colspan="3" class="padding_all tbottom ttop text-center">
                                        <h5>
                                            <strong>Room Number</strong>
                                            <span>&amp;nbsp;&amp;nbsp;</span>
                                            <span t-field="o.reservation_id"></span>

                                        </h5>
                                    </td>
                                </tr>
                                <td colspan="7" valign="middle" align="center"
                                    class="padding_all tbottom ttop text-center">
                                    <h5>
                                        <strong style="align:center;">Reservation Info</strong>
                                    </h5>
                                </td>


                                <tr>
                                    <td colspan="7" valign="middle" align="center"
                                        class="padding_all tbottom ttop text-left">
                                        <t t-foreach="o.reservation_id" t-as="l">
                                            <strong>Room Capacity:</strong>
                                            <span>&amp;nbsp;</span>
                                            <span t-field="l.reservation_line.reserve.capacity"></span>
                                        </t>
                                        <span>&amp;nbsp;&amp;nbsp;&amp;nbsp;&amp;nbsp;&amp;nbsp;&amp;nbsp;&amp;nbsp;&amp;nbsp;&amp;nbsp;&amp;nbsp;&amp;nbsp;&amp;nbsp;&amp;nbsp;&amp;nbsp;&amp;nbsp;&amp;nbsp;</span>
                                        <strong>Adults</strong>
                                        <span>&amp;nbsp;</span>
                                        <span t-field="o.reservation_id.adults"></span>
                                        <span>&amp;nbsp;&amp;nbsp;&amp;nbsp;&amp;nbsp;&amp;nbsp;&amp;nbsp;&amp;nbsp;&amp;nbsp;&amp;nbsp;&amp;nbsp;&amp;nbsp;&amp;nbsp;&amp;nbsp;&amp;nbsp;&amp;nbsp;&amp;nbsp;</span>
                                        <strong>Children</strong>
                                        <span>&amp;nbsp;</span>
                                        <span t-field="o.reservation_id.children"></span>
                                        <span>&amp;nbsp;&amp;nbsp;&amp;nbsp;&amp;nbsp;&amp;nbsp;&amp;nbsp;&amp;nbsp;&amp;nbsp;&amp;nbsp;&amp;nbsp;&amp;nbsp;&amp;nbsp;&amp;nbsp;&amp;nbsp;&amp;nbsp;&amp;nbsp;</span>
                                        <strong>Hour's</strong>
                                        <span>&amp;nbsp;</span>
                                        <span t-field="o.reservation_id.booking_hrs"></span>
                                        <span>&amp;nbsp;&amp;nbsp;&amp;nbsp;&amp;nbsp;&amp;nbsp;&amp;nbsp;&amp;nbsp;&amp;nbsp;&amp;nbsp;&amp;nbsp;&amp;nbsp;&amp;nbsp;&amp;nbsp;&amp;nbsp;&amp;nbsp;&amp;nbsp;</span>
                                        <strong>Day's</strong>
                                        <span>&amp;nbsp;</span>
                                        <span t-field="o.reservation_id.days"></span>
                                    </td>
                                </tr>
                                <tr class="thead-light">
                                    <th width="3%" valign="middle" align="center"
                                        class="padding_all tbottom ttop text-center">
                                        <strong>Sl.No.</strong>
                                    </th>
                                    <th width="10%" valign="middle" align="center"
                                        class="padding_all tbottom ttop text-center">
                                        <strong>Check In</strong>
                                    </th>
                                    <th width="10%" valign="middle" align="center"
                                        class="padding_all tbottom ttop text-center">
                                        <strong>Check Out</strong>
                                    </th>
                                    <th width="10%" valign="middle" align="center"
                                        class="padding_all tbottom ttop text-center">
                                        <strong>Room Name</strong>
                                    </th>
                                    <th width="10%" valign="middle" align="center"
                                        class="padding_all tbottom ttop  text-center">
                                        <strong>Room Category</strong>
                                    </th>
                                    <th width="10%" valign="middle" align="center"
                                        class="padding_all tbottom ttop text-center">
                                        <strong>Duration</strong>
                                    </th>
                                    <th width="10%" valign="middle" align="center"
                                        class="padding_all tbottom ttop text-center">
                                        <strong>Sub Total</strong>
                                    </th>
                                </tr>
                                <tbody style="border: 1px solid color;font-size:14px;">
                                    <tr t-foreach="o.room_line_ids" t-as="l">
                                        <td width="3%" class="padding_all tbottom ttop text-center">
                                            <span t-esc="l_index+1"/>
                                        </td>
                                        <t>
                                            <t t-if="l.checkin_date">
                                                <td width="10%" class="padding_all tleft tbottom ttop text-left">
                                                    <span t-field="l.checkin_date"/>
                                                </td>
                                            </t>
                                            <t t-else="">
                                                <td width="10%" class="padding_all tleft tbottom ttop text-center">
                                                    <span>-</span>
                                                </td>
                                            </t>
                                        </t>
                                        <t>
                                            <t t-if="l.checkout_date">
                                                <td width="10%" class="padding_all tleft tbottom ttop text-left">
                                                    <span t-field="l.checkout_date"/>
                                                </td>
                                            </t>
                                            <t t-else="">
                                                <td width="10%" class="padding_all tleft tbottom ttop text-center">
                                                    <span>-</span>
                                                </td>
                                            </t>
                                        </t>
                                        <t>
                                            <t t-if="l.product_id">
                                                <td width="10%" class="padding_all tleft tbottom ttop text-left">
                                                    <span t-field="l.product_id"/>
                                                </td>
                                            </t>
                                            <t t-else="">
                                                <td width="10%" class="padding_all tleft tbottom ttop text-center">
                                                    <span>-</span>
                                                </td>
                                            </t>
                                        </t>
                                        <t>
                                            <t t-if="l.name">
                                                <td width="10%" class="padding_all tleft tbottom ttop text-left">
                                                    <span t-field="l.name"/>
                                                </td>
                                            </t>
                                            <t t-else="">
                                                <td width="10%" class="padding_all tleft tbottom ttop text-center">
                                                    <span>-</span>
                                                </td>
                                            </t>
                                        </t>
                                        <t>
                                            <t t-if="l.product_uom_qty">
                                                <td width="10%" class="padding_all tleft tbottom ttop text-right">
                                                    <span t-field="l.product_uom_qty"/>
                                                </td>
                                            </t>
                                            <t t-else="">
                                                <td width="10%" class="padding_all tleft tbottom ttop text-center">
                                                    <span>-</span>
                                                </td>
                                            </t>
                                        </t>
                                        <t>
                                            <t t-if="l.price_subtotal">
                                                <td width="10%" class="padding_all tleft tbottom ttop text-right">
                                                    <span t-field="l.price_subtotal"/>
                                                </td>
                                            </t>
                                            <t t-else="">
                                                <td width="10%" class="padding_all tleft tbottom ttop text-center">
                                                    <span>-</span>
                                                </td>
                                            </t>
                                        </t>
                                    </tr>
                                </tbody>
                                <br/>
                                <br/>
<!--                                <tr>-->
<!--                                    <td colspan="7" valign="middle" align="center"-->
<!--                                        class="padding_all tbottom ttop text-left">-->
<!--                                        <h5>-->
<!--                                            <strong>Table and Restaurant Details:</strong>-->
<!--                                        </h5>-->
<!--                                    </td>-->
<!--                                </tr>-->
<!--                                <tr class="thead-light">-->
<!--                                    <th width="3%" valign="middle" align="center"-->
<!--                                        class="padding_all tbottom ttop text-center">-->
<!--                                        <strong>Sl.No.</strong>-->
<!--                                    </th>-->
<!--                                    <th width="10%" valign="middle" align="center"-->
<!--                                        class="padding_all tbottom ttop text-center">-->
<!--                                        <strong>Order No</strong>-->
<!--                                    </th>-->
<!--                                    <th width="10%" valign="middle" align="center"-->
<!--                                        class="padding_all tbottom ttop text-center">-->
<!--                                        <strong>Date</strong>-->
<!--                                    </th>-->
<!--                                    <th width="10%" valign="middle" align="center"-->
<!--                                        class="padding_all tbottom ttop text-center">-->
<!--                                        <strong>Waiter Name</strong>-->
<!--                                    </th>-->
<!--                                    <th colspan="2" valign="middle" align="center"-->
<!--                                        class="padding_all tbottom ttop text-center">-->
<!--                                        <strong>Table Number and Capacity</strong>-->
<!--                                    </th>-->

<!--                                    <th width="10%" valign="middle" align="center"-->
<!--                                        class="padding_all tbottom ttop text-center">-->
<!--                                        <strong>Total</strong>-->
<!--                                    </th>-->
<!--                                </tr>-->
<!--                                <tbody style="border: 1px solid color;font-size:14px;">-->
<!--                                    <t t-if="o.hotel_restaurant_orders_ids">-->
<!--                                        <tr t-foreach="o.hotel_restaurant_orders_ids" t-as="l">-->
<!--                                            <td width="3%" class="padding_all tbottom ttop text-center">-->
<!--                                                <span t-esc="l_index+1"/>-->
<!--                                            </td>-->
<!--                                            <t>-->
<!--                                                <t t-if="l.order_no">-->
<!--                                                    <td width="10%" class="padding_all tleft tbottom ttop text-left">-->
<!--                                                        <span t-field="l.order_no"/>-->
<!--                                                    </td>-->
<!--                                                </t>-->
<!--                                                <t t-else="">-->
<!--                                                    <td width="10%" class="padding_all tleft tbottom ttop text-center">-->
<!--                                                        <span>-</span>-->
<!--                                                    </td>-->
<!--                                                </t>-->
<!--                                            </t>-->
<!--                                            <t>-->
<!--                                                <t t-if="l.o_date">-->
<!--                                                    <td width="10%" class="padding_all tleft tbottom ttop text-left">-->
<!--                                                        <span t-field="l.o_date"/>-->
<!--                                                    </td>-->
<!--                                                </t>-->
<!--                                                <t t-else="">-->
<!--                                                    <td width="10%" class="padding_all tleft tbottom ttop text-center">-->
<!--                                                        <span>-</span>-->
<!--                                                    </td>-->
<!--                                                </t>-->
<!--                                            </t>-->
<!--                                            <t>-->
<!--                                                <t t-if="l.waiter_id">-->
<!--                                                    <td width="10%" class="padding_all tleft tbottom ttop text-left">-->
<!--                                                        <span t-field="l.waiter_id"/>-->
<!--                                                    </td>-->
<!--                                                </t>-->
<!--                                                <t t-else="">-->
<!--                                                    <td width="10%" class="padding_all tleft tbottom ttop text-center">-->
<!--                                                        <span>-</span>-->
<!--                                                    </td>-->
<!--                                                </t>-->
<!--                                            </t>-->

<!--                                            <td colspan="2">-->
<!--                                                <table class="table table-sm table-bordered" t-foreach="l.table_nos_ids"-->
<!--                                                       t-as="d" style="font-size:14px;">-->
<!--                                                    <tr>-->
<!--                                                        <t>-->
<!--                                                            <td>-->
<!--                                                                <span t-field="d.name"/>-->
<!--                                                                <span>&amp;nbsp;&amp;nbsp;&amp;nbsp;&amp;nbsp;</span>-->
<!--                                                                <span>&amp;nbsp;&amp;nbsp;&amp;nbsp;&amp;nbsp;</span>-->
<!--                                                                <span>&amp;nbsp;&amp;nbsp;&amp;nbsp;&amp;nbsp;</span>-->
<!--                                                                <strong>Capacity:</strong>-->
<!--                                                                <span t-field="d.capacity"/>-->

<!--                                                            </td>-->
<!--                                                        </t>-->
<!--                                                    </tr>-->
<!--                                                </table>-->
<!--                                            </td>-->
<!--                                            <t>-->
<!--                                                <t t-if="l.amount_total">-->
<!--                                                    <td width="10%" class="padding_all tleft tbottom ttop text-right">-->
<!--                                                        <span t-field="l.amount_total"/>-->
<!--                                                    </td>-->
<!--                                                </t>-->
<!--                                                <t t-else="">-->
<!--                                                    <td width="10%" class="padding_all tleft tbottom ttop text-center">-->
<!--                                                        <span>-</span>-->
<!--                                                    </td>-->
<!--                                                </t>-->
<!--                                            </t>-->
<!--                                        </tr>-->
<!--                                    </t>-->
<!--                                </tbody>-->
<!--                                <tr>-->
<!--                                    <td colspan="7" valign="middle" align="center"-->
<!--                                        class="padding_all tbottom ttop text-left">-->
<!--                                        <h5>-->
<!--                                            <strong>Order List:</strong>-->
<!--                                        </h5>-->
<!--                                    </td>-->
<!--                                </tr>-->
<!--                                <tr class="thead-light">-->
<!--                                    <th width="3%" valign="middle" align="center"-->
<!--                                        class="padding_all tbottom ttop text-center">-->
<!--                                        <strong>Sl.No.</strong>-->
<!--                                    </th>-->
<!--                                    <th colspan="3" width="10%" valign="middle" align="center"-->
<!--                                        class="padding_all tbottom ttop text-center">-->
<!--                                        <strong>Item Name</strong>-->
<!--                                    </th>-->
<!--                                    <th width="10%" valign="middle" align="center"-->
<!--                                        class="padding_all tbottom ttop text-center">-->
<!--                                        <strong>Qty</strong>-->
<!--                                    </th>-->
<!--                                    <th width="10%" valign="middle" align="center"-->
<!--                                        class="padding_all tbottom ttop text-center">-->
<!--                                        <strong>Rate</strong>-->
<!--                                    </th>-->
<!--                                    <th width="10%" valign="middle" align="center"-->
<!--                                        class="padding_all tbottom ttop text-center">-->
<!--                                        <strong>Subtotal</strong>-->
<!--                                    </th>-->
<!--                                </tr>-->
<!--                                <tbody style="border: 1px solid color;font-size:14px;">-->
<!--                                    <t t-if="o.hotel_restaurant_orders_ids">-->
<!--                                        <t t-foreach="o.hotel_restaurant_orders_ids" t-as="l">-->
<!--                                            <tr t-foreach="l.order_list_ids" t-as="d">-->
<!--                                                <td width="3%" class="padding_all tbottom ttop text-center">-->
<!--                                                    <span t-esc="l_index+1"/>-->
<!--                                                </td>-->
<!--                                                <t>-->
<!--                                                    <t t-if="d.menucard_id">-->
<!--                                                        <td colspan="3" width="10%"-->
<!--                                                            class="padding_all tleft tbottom ttop text-center">-->
<!--                                                            <span t-field="d.menucard_id"/>-->
<!--                                                        </td>-->
<!--                                                    </t>-->
<!--                                                    <t t-else="">-->
<!--                                                        <td width="10%"-->
<!--                                                            class="padding_all tleft tbottom ttop text-center">-->
<!--                                                            <span>-</span>-->
<!--                                                        </td>-->
<!--                                                    </t>-->
<!--                                                </t>-->

<!--                                                <t>-->
<!--                                                    <t t-if="d.item_qty">-->
<!--                                                        <td width="10%"-->
<!--                                                            class="padding_all tleft tbottom ttop text-right">-->
<!--                                                            <span t-field="d.item_qty"/>-->
<!--                                                        </td>-->
<!--                                                    </t>-->
<!--                                                    <t t-else="">-->
<!--                                                        <td width="10%"-->
<!--                                                            class="padding_all tleft tbottom ttop text-center">-->
<!--                                                            <span>-</span>-->
<!--                                                        </td>-->
<!--                                                    </t>-->
<!--                                                </t>-->

<!--                                                <t>-->
<!--                                                    <t t-if="d.item_rate">-->
<!--                                                        <td width="10%"-->
<!--                                                            class="padding_all tleft tbottom ttop text-right">-->
<!--                                                            <span t-field="d.item_rate"/>-->
<!--                                                        </td>-->
<!--                                                    </t>-->
<!--                                                    <t t-else="">-->
<!--                                                        <td width="10%"-->
<!--                                                            class="padding_all tleft tbottom ttop text-center">-->
<!--                                                            <span>-</span>-->
<!--                                                        </td>-->
<!--                                                    </t>-->
<!--                                                </t>-->

<!--                                                <t>-->
<!--                                                    <t t-if="d.price_subtotal">-->
<!--                                                        <td width="10%"-->
<!--                                                            class="padding_all tleft tbottom ttop text-right">-->
<!--                                                            <span t-field="d.price_subtotal"/>-->
<!--                                                        </td>-->
<!--                                                    </t>-->
<!--                                                    <t t-else="">-->
<!--                                                        <td width="10%"-->
<!--                                                            class="padding_all tleft tbottom ttop text-center">-->
<!--                                                            <span>-</span>-->
<!--                                                        </td>-->
<!--                                                    </t>-->
<!--                                                </t>-->
<!--                                            </tr>-->
<!--                                        </t>-->
<!--                                    </t>-->
<!--                                </tbody>-->

<!--                                <tr>-->
<!--                                    <td colspan="7" valign="middle" align="center"-->
<!--                                        class="padding_all tbottom ttop text-left">-->
<!--                                        <h5>-->
<!--                                            <strong>House Keeping:</strong>-->
<!--                                        </h5>-->
<!--                                    </td>-->
<!--                                </tr>-->
<!--                                <tr class="thead-light">-->
<!--                                    <th width="3%" valign="middle" align="center"-->
<!--                                        class="padding_all tbottom ttop text-center">-->
<!--                                        <strong>Sl.No.</strong>-->
<!--                                    </th>-->
<!--                                    <th width="10%" valign="middle" align="center"-->
<!--                                        class="padding_all tbottom ttop text-center">-->
<!--                                        <strong>Date</strong>-->
<!--                                    </th>-->
<!--                                    <th width="10%" valign="middle" align="center"-->
<!--                                        class="padding_all tbottom ttop text-center">-->
<!--                                        <strong>Clean Type</strong>-->
<!--                                    </th>-->
<!--                                    <th width="10%" valign="middle" align="center"-->
<!--                                        class="padding_all tbottom ttop text-center">-->
<!--                                        <strong>Room No</strong>-->
<!--                                    </th>-->
<!--                                    <th width="10%" valign="middle" align="center"-->
<!--                                        class="padding_all tbottom ttop text-center">-->
<!--                                        <strong>Inspector</strong>-->
<!--                                    </th>-->
<!--                                    <th colspan="2" width="10%" valign="middle" align="center"-->
<!--                                        class="padding_all tbottom ttop text-center">-->
<!--                                        <strong>Inspector Date Time</strong>-->
<!--                                    </th>-->
<!--                                </tr>-->
<!--                                <tbody style="border: 1px solid color;font-size:14px;">-->
<!--                                    <t t-if="o.hotel_house_keeping_orders_ids">-->
<!--                                    <tr t-foreach="o.hotel_house_keeping_orders_ids" t-as="l">-->
<!--                                        <td width="3%" class="padding_all tbottom ttop text-center">-->
<!--                                            <span t-esc="l_index+1"/>-->
<!--                                        </td>-->
<!--                                        <t>-->
<!--                                            <t t-if="l.current_date">-->
<!--                                                <td width="10%"-->
<!--                                                    class="padding_all tleft tbottom ttop text-left">-->
<!--                                                    <span t-field="l.current_date"/>-->
<!--                                                </td>-->
<!--                                            </t>-->
<!--                                            <t t-else="">-->
<!--                                                <td width="10%" class="padding_all tleft tbottom ttop text-center">-->
<!--                                                    <span>-</span>-->
<!--                                                </td>-->
<!--                                            </t>-->
<!--                                        </t>-->

<!--                                        <t>-->
<!--                                            <t t-if="l.clean_type">-->
<!--                                                <td width="10%" class="padding_all tleft tbottom ttop text-left">-->
<!--                                                    <span t-field="l.clean_type"/>-->
<!--                                                </td>-->
<!--                                            </t>-->
<!--                                            <t t-else="">-->
<!--                                                <td width="10%" class="padding_all tleft tbottom ttop text-center">-->
<!--                                                    <span>-</span>-->
<!--                                                </td>-->
<!--                                            </t>-->
<!--                                        </t>-->

<!--                                        <t>-->
<!--                                            <t t-if="l.room_id">-->
<!--                                                <td width="10%"-->
<!--                                                    class="padding_all tleft tbottom ttop text-left">-->
<!--                                                    <span t-field="l.room_id"/>-->
<!--                                                </td>-->
<!--                                            </t>-->
<!--                                            <t t-else="">-->
<!--                                                <td width="10%" class="padding_all tleft tbottom ttop text-center">-->
<!--                                                    <span>-</span>-->
<!--                                                </td>-->
<!--                                            </t>-->
<!--                                        </t>-->

<!--                                        <t>-->
<!--                                            <t t-if="l.inspector_id">-->
<!--                                                <td width="10%" class="padding_all tleft tbottom ttop text-left">-->
<!--                                                    <span t-field="l.inspector_id"/>-->
<!--                                                </td>-->
<!--                                            </t>-->
<!--                                            <t t-else="">-->
<!--                                                <td width="10%" class="padding_all tleft tbottom ttop text-center">-->
<!--                                                    <span>-</span>-->
<!--                                                </td>-->
<!--                                            </t>-->
<!--                                        </t>-->
<!--                                        <t>-->
<!--                                            <t t-if="l.inspect_date_time">-->
<!--                                                <td colspan="2" width="10%"-->
<!--                                                    class="padding_all tleft tbottom ttop text-left">-->
<!--                                                    <span t-field="l.inspect_date_time"/>-->
<!--                                                </td>-->
<!--                                            </t>-->
<!--                                            <t t-else="">-->
<!--                                                <td width="10%" class="padding_all tleft tbottom ttop text-center">-->
<!--                                                    <span>-</span>-->
<!--                                                </td>-->
<!--                                            </t>-->
<!--                                        </t>-->
<!--                                    </tr>-->
<!--                                    </t>-->
<!--                                </tbody>-->
<!--                                <tr>-->
<!--                                    <td colspan="7" valign="middle" align="center"-->
<!--                                        class="padding_all tbottom ttop text-left">-->
<!--                                        <h5>-->
<!--                                            <strong>Laundry Order:</strong>-->
<!--                                        </h5>-->
<!--                                    </td>-->
<!--                                </tr>-->
<!--                                <tr class="thead-light">-->
<!--                                    <th width="3%" valign="middle" align="center"-->
<!--                                        class="padding_all tbottom ttop text-center">-->
<!--                                        <strong>Sl.No.</strong>-->
<!--                                    </th>-->
<!--                                    <th colspan="2" width="10%" valign="middle" align="center"-->
<!--                                        class="padding_all tbottom ttop text-center">-->
<!--                                        <strong>Label</strong>-->
<!--                                    </th>-->
<!--                                    <th width="10%" valign="middle" align="center"-->
<!--                                        class="padding_all tbottom ttop text-center">-->
<!--                                        <strong>Guest</strong>-->
<!--                                    </th>-->
<!--                                    <th width="10%" valign="middle" align="center"-->
<!--                                        class="padding_all tbottom ttop text-center">-->
<!--                                        <strong>Date</strong>-->
<!--                                    </th>-->
<!--                                    <th width="10%" valign="middle" align="center"-->
<!--                                        class="padding_all tbottom ttop text-center">-->
<!--                                        <strong>Laundry Person</strong>-->
<!--                                    </th>-->
<!--                                    <th width="10%" valign="middle" align="center"-->
<!--                                        class="padding_all tbottom ttop text-center">-->
<!--                                        <strong>Total</strong>-->
<!--                                    </th>-->
<!--                                </tr>-->
<!--                                <tbody style="border: 1px solid color;font-size:14px;">-->
<!--                                    <tr t-foreach="o.hotel_laundry_orders_ids" t-as="l">-->
<!--                                        <td width="3%" class="padding_all tbottom ttop text-center">-->
<!--                                            <span t-esc="l_index+1"/>-->
<!--                                        </td>-->
<!--                                        <t>-->
<!--                                            <t t-if="l.name">-->
<!--                                                <td colspan="2" width="10%"-->
<!--                                                    class="padding_all tleft tbottom ttop text-left">-->
<!--                                                    <span t-field="l.name"/>-->
<!--                                                </td>-->
<!--                                            </t>-->
<!--                                            <t t-else="">-->
<!--                                                <td width="10%" class="padding_all tleft tbottom ttop text-center">-->
<!--                                                    <span>-</span>-->
<!--                                                </td>-->
<!--                                            </t>-->
<!--                                        </t>-->

<!--                                        <t>-->
<!--                                            <t t-if="l.partner_id">-->
<!--                                                <td width="10%" class="padding_all tleft tbottom ttop text-left">-->
<!--                                                    <span t-field="l.partner_id"/>-->
<!--                                                </td>-->
<!--                                            </t>-->
<!--                                            <t t-else="">-->
<!--                                                <td width="10%" class="padding_all tleft tbottom ttop text-center">-->
<!--                                                    <span>-</span>-->
<!--                                                </td>-->
<!--                                            </t>-->
<!--                                        </t>-->

<!--                                        <t>-->
<!--                                            <t t-if="l.order_date">-->
<!--                                                <td width="10%" class="padding_all tleft tbottom ttop text-left">-->
<!--                                                    <span t-field="l.order_date"/>-->
<!--                                                </td>-->
<!--                                            </t>-->
<!--                                            <t t-else="">-->
<!--                                                <td width="10%" class="padding_all tleft tbottom ttop text-center">-->
<!--                                                    <span>-</span>-->
<!--                                                </td>-->
<!--                                            </t>-->
<!--                                        </t>-->

<!--                                        <t>-->
<!--                                            <t t-if="l.laundry_person">-->
<!--                                                <td width="10%" class="padding_all tleft tbottom ttop text-left">-->
<!--                                                    <span t-field="l.laundry_person"/>-->
<!--                                                </td>-->
<!--                                            </t>-->
<!--                                            <t t-else="">-->
<!--                                                <td width="10%" class="padding_all tleft tbottom ttop text-center">-->
<!--                                                    <span>-</span>-->
<!--                                                </td>-->
<!--                                            </t>-->
<!--                                        </t>-->
<!--                                        <t>-->
<!--                                            <t t-if="l.total_amount">-->
<!--                                                <td width="10%" class="padding_all tleft tbottom ttop text-right">-->
<!--                                                    <span t-field="l.total_amount"/>-->
<!--                                                </td>-->
<!--                                            </t>-->
<!--                                            <t t-else="">-->
<!--                                                <td width="10%" class="padding_all tleft tbottom ttop text-center">-->
<!--                                                    <span>-</span>-->
<!--                                                </td>-->
<!--                                            </t>-->
<!--                                        </t>-->
<!--                                    </tr>-->
<!--                                </tbody>-->
                                <tr>
                                    <td colspan="7">
                                        <h5>
                                            <strong>Payment Details:-</strong>
                                        </h5>
                                    </td>
                                </tr>
                                <tr class="padding_all tleft tbottom ttop text-right">

                                    <td colspan="7">
                                        <strong>Untaxed Amount</strong>
                                        <span>&amp;nbsp;</span>:
                                        <span t-field="o.amount_untaxed"/>
                                        <br/>
                                        <span>&amp;nbsp;&amp;nbsp;</span>
                                        <span>&amp;nbsp;&amp;nbsp;</span>
                                        <span>&amp;nbsp;&amp;nbsp;</span>
                                        <span>&amp;nbsp;&amp;nbsp;</span>
                                        <span>&amp;nbsp;&amp;nbsp;</span>
                                        <span>&amp;nbsp;&amp;nbsp;</span>
                                        <span>&amp;nbsp;&amp;nbsp;</span>
                                        <strong>Taxes</strong>
                                        <span>&amp;nbsp;&amp;nbsp;</span>:
                                        <span t-field="o.amount_tax"/>
                                        <br/>
                                        <span>__________________________________________</span>
                                        <br/>
                                        <span>&amp;nbsp;&amp;nbsp;</span>
                                        <span>&amp;nbsp;&amp;nbsp;</span>
                                        <span>&amp;nbsp;&amp;nbsp;</span>
                                        <span>&amp;nbsp;&amp;nbsp;</span>
                                        <span>&amp;nbsp;&amp;nbsp;</span>
                                        <span>&amp;nbsp;&amp;nbsp;</span>
                                        <span>&amp;nbsp;&amp;nbsp;</span>
                                        <span>&amp;nbsp;&amp;nbsp;</span>
                                        <strong>Total</strong>
                                        <span>&amp;nbsp;&amp;nbsp;</span>:
                                        <span t-field="o.amount_total"/>
                                    </td>
                                </tr>
                            </table>
                            <br/>
                            <br/>
                            <br/>
                            <br/>
                            <div class="page">
                                <p style="page-break-after:always;"></p>
                                <table class="table table-sm table-bordered" style="font-size:15px;">
                                    <tr>
                                        <td>
                                            <h5>
                                                <strong>Guest ID Proof:-</strong>
                                            </h5>
                                        </td>
                                    </tr>
                                    <tr>
                                        <td class="padding_all tleft tbottom ttop text-center">

                                            <img t-if="o.partner_id.proof_img"
                                                 style="height:60;width:60%;" class="image"
                                                 t-att-src="image_data_uri(o.partner_id.proof_img)"
                                            />
                                        </td>
                                    </tr>
                                </table>
                            </div>

                            <div class="footer" align="left" style="margin-top: 10px; font-size:14px;">
                                <div class="row">
                                    <div class="col-1" align="left">
                                    </div>
                                    <div class="col-2" align="left">
                                        <strong>
                                            Authorized By
                                        </strong>
                                    </div>
                                    <div class="col-3" align="center">
                                    </div>

                                    <div class="col-3" align="right">
                                        <strong>
                                            Guest Signature
                                        </strong>
                                    </div>
                                </div>
                                <br/>
                                <br/>
                                <br/>
                                <div class="row">
                                    <div class="col-5" align="left">
                                        <span t-esc="context_timestamp(datetime.datetime.now()).strftime('%d-%m-%Y')"/>
                                        <span>&amp;nbsp;</span>
                                        <span t-esc="context_timestamp(datetime.datetime.now()).strftime('%H-%M-%S')"/>
                                        <span>&amp;nbsp;</span>
                                    </div>
                                    <span t-esc="o.company_id.name"/>
                                    <span>&amp;nbsp;&amp;nbsp;&amp;nbsp;&amp;nbsp;&amp;nbsp;&amp;nbsp;&amp;nbsp;&amp;nbsp;&amp;nbsp;&amp;nbsp;&amp;nbsp;&amp;nbsp;&amp;nbsp;&amp;nbsp;&amp;nbsp;</span>
                                    <span>&amp;nbsp;&amp;nbsp;&amp;nbsp;&amp;nbsp;</span>
                                    <span>&amp;nbsp;&amp;nbsp;&amp;nbsp;&amp;nbsp;</span>
                                    <span>&amp;nbsp;&amp;nbsp;&amp;nbsp;&amp;nbsp;</span>
                                    <span>&amp;nbsp;&amp;nbsp;&amp;nbsp;&amp;nbsp;</span>
                                    <div align="right">
                                        Page
                                        <span class="page"/>
                                        of
                                        <span class="topage"/>
                                    </div>
                                </div>
                            </div>
                        </t>
                    </t>
                </t>
            </t>
        </template>
    </data>
</odoo>