<?xml version="1.0" encoding="utf-8"?>
<openerp>

    <template id="report_patient_card_document">
        <t t-call="web.html_container">
            <t t-call="web.basic_layout">
                <br/>
                <br/>
                <br/>
                <div class="page">
                    <div style="margin-left: 10px; margin-right: 10px; margin-top: 10px; margin-bottom: 10px; font-size:16px;border:2px solid black;border-radius:8pt; margin:5pt">
                        <div class="row">
                            <div class="col-2"></div>
                            <div>
                                <b>ID:</b>
                                <span class="px-1" t-field='o.name'/>
                                <b>Consulting Doctor :</b>
                                <span t-field='o.primary_care_physician_id.partner_id.name'/>
                                <br/>
                            </div>
                        </div>
                        <div>
                            <div t-field="o.name"
                                 t-options="{'widget': 'barcode', 'width': 600, 'height': 100, 'img_style': 'width:530px;height:60px;'}"/>
                        </div>
                        <div class="row">
                            <div class="col-2"></div>
                            <div>
                                <b>Patient Name :</b>
                                <span class="px-1" t-field='o.patient_id.name'/>
                                <b>Registered Date:</b>
                                <span t-field='o.registered_date'/>
                                <br/>
                            </div>
                        </div>
                    </div>
                </div>
            </t>
        </t>
    </template>
    <template id="report_patient_card">
        <t t-call="web.html_container">
            <t t-foreach="docs" t-as="o">
                <t t-call="basic_hms.report_patient_card_document"
                   t-lang="o.patient_id.lang"/>
            </t>
        </t>
    </template>
</openerp>