<?xml version="1.0" encoding="UTF-8"?>
<templates id="template" xml:space="preserve">
	<t t-name="dashboard_template">
		<div class="o_action o_view_controller">
			<div class="o_content dashboard">
<!--				<div class="row justify-content-center">-->
                <!--                	<div style="padding:10px;">-->
                <!--               			<img src='/web/binary/company_logo' style="width:150px;height:50px;"/>-->
                <!--   					</div>-->
                <!--				</div>-->
                <div class="kitchen_container row">
					<div class="kitchen_grid pending col-lg-4 col-12">
						<div class="heading_grid">
                            <h3 class="title">Pending Order</h3>
						</div>
                        <div class="pending_content"></div>
					</div>
                    <div class="kitchen_grid prepare col-lg-4 col-12">
						<div class="heading_grid">
                            <h3 class="title">Preparing Order</h3>
						</div>
                        <div class="preparing_content"></div>
					</div>

                    <div class="kitchen_grid done col-lg-4 col-12">
						<div class="heading_grid">
                            <h3 class="title">Delivered Order</h3>
						</div>
                        <div class="done_content"></div>
					</div>
                    <hr/>
				</div>
			</div>
		</div>
	</t>
    <t t-name="dashboard_orders">
		<div class="row">
			<t t-if="orders">
			<t t-foreach="orders" t-as="order">
				<div class="kitchen_order">
					<div class="title_wrapper">
						<div class="title_wrapper_cont">

							<div class="title order_name">
								<t t-esc="order.name"/>
                                <span>- <t t-esc="order.table_id"/></span>
							</div>
                            <div class="pos-reference text-left">
                                <span class="badge badge-light mb-1 d-block">Guests: <t t-esc="order.customer_count"/></span>
                                <span class="badge badge-light d-block order_ref"><t t-esc="order.pos_reference" /></span>
							</div>
						</div>
					</div>
                    <div class="content">
						<table class="table-striped">
							<thead>
								<tr>
									<td class="name-column">Items</td>
                                    <td class="qty-column">Qty</td>
                                    <td>State</td>
                                    <td></td>
								</tr>
							</thead>
                            <tbody>
									<t t-foreach="order.lines" t-as="line">
										<tr>
											<td class="name-column">
												<div>
													<span title="Recipie" t-att-data-product="line.product_id"
                                                          class="show_receipie">
														<i class="fa fa-clock-o"
                                                           t-if="line.dashboard_state == 'pending'">

														</i>
                                                        <i class="fa fa-cutlery"
                                                           t-if="line.dashboard_state == 'in_progress'">

														</i>
                                                        <i class="fa fa-check-circle"
                                                           t-if="line.dashboard_state == 'done'">

														</i>
													</span>

                                                    <span class="text"><t t-esc="line.full_product_name"/>

													</span>
                                                    <a t-if="line.note" role="button" class="btn show_note"
                                                       data-toggle="modal" data-target="#modalnotes"
                                                       t-att-data-note="line.note" href="#">
															<i class="fa fa-sticky-note"/></a>
                                                    <div role="dialog" class="modal fade" id="modalnotes">
														<div class="modal-dialog ">
															<main class="modal-body note_body" id="note-dialog">
																<button type="button" class="close" data-dismiss="modal"
                                                                        aria-label="Close"
                                                                        style="cursor:pointer">×</button>
                                                                <span>Item Notes: </span>

                                                                <div class="note_container" style="display:none;">

																	</div>

																</main>
														</div>
													</div>
												</div>
											</td>
                                            <td class="qty-column"><t t-esc="line.qty" /></td>
                                            <td>
												<span class="badge badge-success badge_state"
                                                      t-if="line.dashboard_state == 'done'">Served</span>
                                                <span class="badge badge-warning badge_state"
                                                      t-if="line.dashboard_state == 'in_progress'">Preparing</span>
                                                <span class="badge badge-danger badge_state"
                                                      t-if="line.dashboard_state == 'pending'">Pending</span>
											</td>
                                            <td t-att-data-id="line.id">
												<button data-type="start"
                                                        class="start_order_line btn btn-info btn_action"
                                                        t-on-click="printReceipt"
                                                        t-if="line.dashboard_state == 'pending'">Prepare
													<i class="fa fa-arrow-circle-right fa-lg"></i></button>
                                                <button data-type="end"
                                                        class="end_order_line btn btn-success btn_action"
                                                        t-if="line.dashboard_state == 'in_progress'">Ready to Serve
													<i class="fa fa-check-square-o"></i>
												</button>
                                                <button data-type="print"
                                                        class="print_order_line btn btn-success btn_action"
                                                        t-if="line.dashboard_state == 'pending'">
													<i class="fa fa-print"></i>
												</button>
                                                <button data-type="bill"
                                                        class="bill_order btn btn-success btn_action"
                                                        t-if="line.dashboard_state == 'done'">Bill
														<i class="fa fa-money"></i>
												</button>
											</td>
										</tr>
									</t>
								</tbody>
						</table>
					</div>
                    <div class="footer">
						<div class="waiter col">
								<div><t t-esc="order.create_date" /></div>
                            <div><t t-esc="order.user_id" /></div>

							</div>
					</div>
				</div>
			</t>
			</t>
		</div>
	</t>

</templates>
