<?xml version="1.0" encoding="UTF-8"?>
<templates id="template" xml:space="preserve">

    <t t-name="PaymentSummaryReceiptScreen" owl="1">
        <div class="receipt-screen screen">
            <div class="screen-content">
                <div class="top-content">
                    <span class="button back" t-on-click="confirm">
                        <i class="fa fa-angle-double-left"></i>
                        <span> </span>
                        <span>Back</span>
                    </span>
                </div>
                <div class="centered-content">
                    <div class="button print" t-on-click="printSummary">
                        <i class="fa fa-print"></i> Print Payment Summary
                    </div>
                    <div class="pos-receipt-container">
                        <PaymentSummaryReceipt payment_summary="props.payment_summary" start_date="props.start_date"
                                               end_date="props.end_date" t-ref="payment-summary" is_user="props.is_user"/>
                    </div>
                </div>
            </div>
        </div>
    </t>

</templates>
