<?xml version="1.0" encoding="utf-8"?>
<odoo>
    <data>
        <record id="ir_cron_patient_state_alert" model="ir.cron">
            <field name="name">Patient State Alert</field>
            <field name="model_id" ref="basic_hms.model_medical_patient"/>
            <field name="state">code</field>
            <field name="user_id" ref="base.user_admin"/>
            <field name="code">model.cron_patient_state_alert()</field>
            <field name="interval_number">1</field>
            <field name="interval_type">minutes</field>
            <field name="numbercall">-1</field>
            <field eval="False" name="doall"/>
            <field name="priority">1000</field>
        </record>
    </data>
</odoo>