<?xml version="1.0" encoding="utf-8"?>
<odoo>
<data noupdate="1">

	<record id="bi_group_doctor" model="res.groups">
        <field name="name">Doctor</field>
        <field name="comment">the user will have access to his own data in the Doctor.</field>
    </record>
	
	<record id="group_chemist" model="res.groups">
        <field name="name">Chemist</field>
        <field name="comment">the user will have access to his own data in the Chemist.</field>
    </record>

    <record id="group_medical_group" model="res.groups">
        <field name="name">Medical Group</field>
        <field name="comment">the user will have access to his own data in the Medical Group.</field>
    </record>

    <record id="group_receptionist" model="res.groups">
        <field name="name">Receptionist</field>
        <field name="comment">the user will have access to his own data in the Receptionist.</field>
    </record>

    <record id="group_socioeconomic" model="res.groups">
        <field name="name">Socioeconomic</field>
    </record>

    <record id="group_gyneco" model="res.groups">
        <field name="name">Gyneco / Obs</field>
    </record>

    <record id="group_lifestyle" model="res.groups">
        <field name="name">Lifestyle</field>
    </record>

    <record id="group_medication" model="res.groups">
        <field name="name">Medication</field>
    </record>

    <record id="group_vaccinations" model="res.groups">
        <field name="name">Vaccinations</field>
    </record>

</data>
</odoo>